,Gender,Age,Sleep Duration,Quality of Sleep,Physical Activity Level,Stress Level,BMI Category,Heart Rate,Daily Steps,Sleep Disorder,Systolic,Diastolic
0,Male,27,6.1,6,42,6,Overweight,77,4200,Normal,126,83
1,Male,28,6.2,6,60,8,Normal,75,10000,Normal,125,80
2,Male,28,6.2,6,60,8,Normal,75,10000,Normal,125,80
3,Male,28,5.9,4,30,8,Obese,85,3000,Sleep Apnea,140,90
4,Male,28,5.9,4,30,8,Obese,85,3000,Sleep Apnea,140,90
5,Male,28,5.9,4,30,8,Obese,85,3000,Insomnia,140,90
6,Male,29,6.3,6,40,7,Obese,82,3500,Insomnia,140,90
7,Male,29,7.8,7,75,6,Normal,70,8000,Normal,120,80
8,Male,29,7.8,7,75,6,Normal,70,8000,Normal,120,80
9,Male,29,7.8,7,75,6,Normal,70,8000,Normal,120,80
10,Male,29,6.1,6,30,8,Normal,70,8000,Normal,120,80
11,Male,29,7.8,7,75,6,Normal,70,8000,Normal,120,80
12,Male,29,6.1,6,30,8,Normal,70,8000,Normal,120,80
13,Male,29,6.0,6,30,8,Normal,70,8000,Normal,120,80
14,Male,29,6.0,6,30,8,Normal,70,8000,Normal,120,80
15,Male,29,6.0,6,30,8,Normal,70,8000,Normal,120,80
16,Female,29,6.5,5,40,7,Normal Weight,80,4000,Sleep Apnea,132,87
17,Male,29,6.0,6,30,8,Normal,70,8000,Sleep Apnea,120,80
18,Female,29,6.5,5,40,7,Normal Weight,80,4000,Insomnia,132,87
19,Male,30,7.6,7,75,6,Normal,70,8000,Normal,120,80
20,Male,30,7.7,7,75,6,Normal,70,8000,Normal,120,80
21,Male,30,7.7,7,75,6,Normal,70,8000,Normal,120,80
22,Male,30,7.7,7,75,6,Normal,70,8000,Normal,120,80
23,Male,30,7.7,7,75,6,Normal,70,8000,Normal,120,80
24,Male,30,7.8,7,75,6,Normal,70,8000,Normal,120,80
25,Male,30,7.9,7,75,6,Normal,70,8000,Normal,120,80
26,Male,30,7.8,7,75,6,Normal,70,8000,Normal,120,80
27,Male,30,7.9,7,75,6,Normal,70,8000,Normal,120,80
28,Male,30,7.9,7,75,6,Normal,70,8000,Normal,120,80
29,Male,30,7.9,7,75,6,Normal,70,8000,Normal,120,80
30,Female,30,6.4,5,35,7,Normal Weight,78,4100,Sleep Apnea,130,86
31,Female,30,6.4,5,35,7,Normal Weight,78,4100,Insomnia,130,86
32,Female,31,7.9,8,75,4,Normal Weight,69,6800,Normal,117,76
33,Male,31,6.1,6,30,8,Normal,72,5000,Normal,125,80
34,Male,31,7.7,7,75,6,Normal,70,8000,Normal,120,80
35,Male,31,6.1,6,30,8,Normal,72,5000,Normal,125,80
36,Male,31,6.1,6,30,8,Normal,72,5000,Normal,125,80
37,Male,31,7.6,7,75,6,Normal,70,8000,Normal,120,80
38,Male,31,7.6,7,75,6,Normal,70,8000,Normal,120,80
39,Male,31,7.6,7,75,6,Normal,70,8000,Normal,120,80
40,Male,31,7.7,7,75,6,Normal,70,8000,Normal,120,80
41,Male,31,7.7,7,75,6,Normal,70,8000,Normal,120,80
42,Male,31,7.7,7,75,6,Normal,70,8000,Normal,120,80
43,Male,31,7.8,7,75,6,Normal,70,8000,Normal,120,80
44,Male,31,7.7,7,75,6,Normal,70,8000,Normal,120,80
45,Male,31,7.8,7,75,6,Normal,70,8000,Normal,120,80
46,Male,31,7.7,7,75,6,Normal,70,8000,Normal,120,80
47,Male,31,7.8,7,75,6,Normal,70,8000,Normal,120,80
48,Male,31,7.7,7,75,6,Normal,70,8000,Normal,120,80
49,Male,31,7.7,7,75,6,Normal,70,8000,Sleep Apnea,120,80
50,Male,32,7.5,8,45,3,Normal,70,8000,Normal,120,80
51,Male,32,7.5,8,45,3,Normal,70,8000,Normal,120,80
52,Male,32,6.0,6,30,8,Normal,72,5000,Normal,125,80
53,Male,32,7.6,7,75,6,Normal,70,8000,Normal,120,80
54,Male,32,6.0,6,30,8,Normal,72,5000,Normal,125,80
55,Male,32,6.0,6,30,8,Normal,72,5000,Normal,125,80
56,Male,32,7.7,7,75,6,Normal,70,8000,Normal,120,80
57,Male,32,6.0,6,30,8,Normal,72,5000,Normal,125,80
58,Male,32,6.0,6,30,8,Normal,72,5000,Normal,125,80
59,Male,32,7.7,7,75,6,Normal,70,8000,Normal,120,80
60,Male,32,6.0,6,30,8,Normal,72,5000,Normal,125,80
61,Male,32,6.0,6,30,8,Normal,72,5000,Normal,125,80
62,Male,32,6.2,6,30,8,Normal,72,5000,Normal,125,80
63,Male,32,6.2,6,30,8,Normal,72,5000,Normal,125,80
64,Male,32,6.2,6,30,8,Normal,72,5000,Normal,125,80
65,Male,32,6.2,6,30,8,Normal,72,5000,Normal,125,80
66,Male,32,7.2,8,50,6,Normal Weight,68,7000,Normal,118,76
67,Male,33,6.0,6,30,8,Normal,72,5000,Insomnia,125,80
68,Female,33,6.2,6,50,6,Overweight,76,5500,Normal,128,85
69,Female,33,6.2,6,50,6,Overweight,76,5500,Normal,128,85
70,Male,33,6.1,6,30,8,Normal,72,5000,Normal,125,80
71,Male,33,6.1,6,30,8,Normal,72,5000,Normal,125,80
72,Male,33,6.1,6,30,8,Normal,72,5000,Normal,125,80
73,Male,33,6.1,6,30,8,Normal,72,5000,Normal,125,80
74,Male,33,6.0,6,30,8,Normal,72,5000,Normal,125,80
75,Male,33,6.0,6,30,8,Normal,72,5000,Normal,125,80
76,Male,33,6.0,6,30,8,Normal,72,5000,Normal,125,80
77,Male,33,6.0,6,30,8,Normal,72,5000,Normal,125,80
78,Male,33,6.0,6,30,8,Normal,72,5000,Normal,125,80
79,Male,33,6.0,6,30,8,Normal,72,5000,Normal,125,80
80,Female,34,5.8,4,32,8,Overweight,81,5200,Sleep Apnea,131,86
81,Female,34,5.8,4,32,8,Overweight,81,5200,Sleep Apnea,131,86
82,Male,35,6.7,7,40,5,Overweight,70,5600,Normal,128,84
83,Male,35,6.7,7,40,5,Overweight,70,5600,Normal,128,84
84,Male,35,7.5,8,60,5,Normal Weight,70,8000,Normal,120,80
85,Female,35,7.2,8,60,4,Normal,68,7000,Normal,115,75
86,Male,35,7.2,8,60,4,Normal,65,5000,Normal,125,80
87,Male,35,7.2,8,60,4,Normal,65,5000,Normal,125,80
88,Male,35,7.3,8,60,4,Normal,65,5000,Normal,125,80
89,Male,35,7.3,8,60,4,Normal,65,5000,Normal,125,80
90,Male,35,7.3,8,60,4,Normal,65,5000,Normal,125,80
91,Male,35,7.3,8,60,4,Normal,65,5000,Normal,125,80
92,Male,35,7.5,8,60,5,Normal Weight,70,8000,Normal,120,80
93,Male,35,7.4,7,60,5,Obese,84,3300,Sleep Apnea,135,88
94,Female,36,7.2,8,60,4,Normal,68,7000,Insomnia,115,75
95,Female,36,7.1,8,60,4,Normal,68,7000,Normal,115,75
96,Female,36,7.2,8,60,4,Normal,68,7000,Normal,115,75
97,Female,36,7.1,8,60,4,Normal,68,7000,Normal,115,75
98,Female,36,7.1,8,60,4,Normal,68,7000,Normal,115,75
99,Female,36,7.1,8,60,4,Normal,68,7000,Normal,115,75
100,Female,36,7.2,8,60,4,Normal,68,7000,Normal,115,75
101,Female,36,7.2,8,60,4,Normal,68,7000,Normal,115,75
102,Female,36,7.2,8,60,4,Normal,68,7000,Normal,115,75
103,Male,36,6.6,5,35,7,Overweight,74,4800,Sleep Apnea,129,84
104,Female,36,7.2,8,60,4,Normal,68,7000,Sleep Apnea,115,75
105,Male,36,6.6,5,35,7,Overweight,74,4800,Insomnia,129,84
106,Female,37,6.1,6,42,6,Overweight,77,4200,Normal,126,83
107,Male,37,7.8,8,70,4,Normal Weight,68,7000,Normal,120,80
108,Male,37,7.8,8,70,4,Normal Weight,68,7000,Normal,120,80
109,Male,37,7.4,8,60,5,Normal,68,8000,Normal,130,85
110,Female,37,7.2,8,60,4,Normal,68,7000,Normal,115,75
111,Male,37,7.4,8,60,5,Normal,68,8000,Normal,130,85
112,Female,37,7.2,8,60,4,Normal,68,7000,Normal,115,75
113,Male,37,7.4,8,60,5,Normal,68,8000,Normal,130,85
114,Female,37,7.2,8,60,4,Normal,68,7000,Normal,115,75
115,Female,37,7.2,8,60,4,Normal,68,7000,Normal,115,75
116,Female,37,7.2,8,60,4,Normal,68,7000,Normal,115,75
117,Female,37,7.2,8,60,4,Normal,68,7000,Normal,115,75
118,Female,37,7.2,8,60,4,Normal,68,7000,Normal,115,75
119,Female,37,7.2,8,60,4,Normal,68,7000,Normal,115,75
120,Female,37,7.2,8,60,4,Normal,68,7000,Normal,115,75
121,Female,37,7.2,8,60,4,Normal,68,7000,Normal,115,75
122,Female,37,7.2,8,60,4,Normal,68,7000,Normal,115,75
123,Female,37,7.2,8,60,4,Normal,68,7000,Normal,115,75
124,Female,37,7.2,8,60,4,Normal,68,7000,Normal,115,75
125,Female,37,7.5,8,60,4,Normal Weight,70,8000,Normal,120,80
126,Male,38,7.3,8,60,5,Normal,68,8000,Normal,130,85
127,Female,38,7.1,8,60,4,Normal,68,7000,Normal,115,75
128,Male,38,7.3,8,60,5,Normal,68,8000,Normal,130,85
129,Male,38,7.3,8,60,5,Normal,68,8000,Normal,130,85
130,Female,38,7.1,8,60,4,Normal,68,7000,Normal,115,75
131,Male,38,7.3,8,60,5,Normal,68,8000,Normal,130,85
132,Male,38,7.3,8,60,5,Normal,68,8000,Normal,130,85
133,Female,38,7.1,8,60,4,Normal,68,7000,Normal,115,75
134,Male,38,7.3,8,60,5,Normal,68,8000,Normal,130,85
135,Male,38,7.3,8,60,5,Normal,68,8000,Normal,130,85
136,Female,38,7.1,8,60,4,Normal,68,7000,Normal,115,75
137,Male,38,7.1,8,60,5,Normal,68,8000,Normal,130,85
138,Female,38,7.1,8,60,4,Normal,68,7000,Normal,115,75
139,Male,38,7.1,8,60,5,Normal,68,8000,Normal,130,85
140,Female,38,7.1,8,60,4,Normal,68,7000,Normal,115,75
141,Male,38,7.1,8,60,5,Normal,68,8000,Normal,130,85
142,Female,38,7.1,8,60,4,Normal,68,7000,Normal,115,75
143,Female,38,7.1,8,60,4,Normal,68,7000,Normal,115,75
144,Male,38,7.1,8,60,5,Normal,68,8000,Sleep Apnea,130,85
145,Female,38,7.4,7,60,5,Obese,84,3300,Sleep Apnea,135,88
146,Male,39,7.2,8,60,5,Normal,68,8000,Insomnia,130,85
147,Male,39,6.5,5,40,7,Overweight,80,4000,Insomnia,132,87
148,Female,39,6.9,7,50,6,Normal Weight,75,5500,Normal,128,85
149,Female,39,8.0,9,80,3,Normal Weight,67,7500,Normal,115,78
150,Female,39,8.0,9,80,3,Normal Weight,67,7500,Normal,115,78
151,Male,39,7.2,8,60,5,Normal,68,8000,Normal,130,85
152,Male,39,7.2,8,60,5,Normal,68,8000,Normal,130,85
153,Male,39,7.2,8,60,5,Normal,68,8000,Normal,130,85
154,Male,39,7.2,8,60,5,Normal,68,8000,Normal,130,85
155,Male,39,7.2,8,60,5,Normal,68,8000,Normal,130,85
156,Male,39,7.2,8,60,5,Normal,68,8000,Normal,130,85
157,Male,39,7.2,8,60,5,Normal,68,8000,Normal,130,85
158,Male,39,7.2,8,60,5,Normal,68,8000,Normal,130,85
159,Male,39,7.2,8,60,5,Normal,68,8000,Normal,130,85
160,Male,39,7.2,8,60,5,Normal,68,8000,Normal,130,85
161,Female,40,7.2,8,55,6,Normal Weight,73,7300,Normal,119,77
162,Female,40,7.2,8,55,6,Normal Weight,73,7300,Normal,119,77
163,Male,40,7.9,8,90,5,Normal,68,8000,Normal,130,85
164,Male,40,7.9,8,90,5,Normal,68,8000,Normal,130,85
165,Male,41,7.6,8,90,5,Normal,70,8000,Insomnia,130,85
166,Male,41,7.3,8,70,6,Normal Weight,72,6200,Normal,121,79
167,Male,41,7.1,7,55,6,Overweight,72,6000,Normal,125,82
168,Male,41,7.1,7,55,6,Overweight,72,6000,Normal,125,82
169,Male,41,7.7,8,90,5,Normal,70,8000,Normal,130,85
170,Male,41,7.7,8,90,5,Normal,70,8000,Normal,130,85
171,Male,41,7.7,8,90,5,Normal,70,8000,Normal,130,85
172,Male,41,7.7,8,90,5,Normal,70,8000,Normal,130,85
173,Male,41,7.7,8,90,5,Normal,70,8000,Normal,130,85
174,Male,41,7.6,8,90,5,Normal,70,8000,Normal,130,85
175,Male,41,7.6,8,90,5,Normal,70,8000,Normal,130,85
176,Male,41,7.6,8,90,5,Normal,70,8000,Normal,130,85
177,Male,42,6.5,6,45,7,Overweight,72,6000,Insomnia,130,85
178,Male,42,7.8,8,90,5,Normal,70,8000,Normal,130,85
179,Male,42,7.8,8,90,5,Normal,70,8000,Normal,130,85
180,Male,42,7.8,8,90,5,Normal,70,8000,Normal,130,85
181,Male,42,7.8,8,90,5,Normal,70,8000,Normal,130,85
182,Male,42,7.8,8,90,5,Normal,70,8000,Normal,130,85
183,Male,42,7.8,8,90,5,Normal,70,8000,Normal,130,85
184,Female,42,6.8,6,45,7,Overweight,78,5000,Sleep Apnea,130,85
185,Female,42,6.8,6,45,7,Overweight,78,5000,Sleep Apnea,130,85
186,Female,43,6.7,7,45,4,Overweight,65,6000,Insomnia,135,90
187,Male,43,6.3,6,45,7,Overweight,72,6000,Insomnia,130,85
188,Female,43,6.7,7,45,4,Overweight,65,6000,Insomnia,135,90
189,Male,43,6.5,6,45,7,Overweight,72,6000,Insomnia,130,85
190,Female,43,6.7,7,45,4,Overweight,65,6000,Insomnia,135,90
191,Male,43,6.4,6,45,7,Overweight,72,6000,Insomnia,130,85
192,Male,43,6.5,6,45,7,Overweight,72,6000,Insomnia,130,85
193,Male,43,6.5,6,45,7,Overweight,72,6000,Insomnia,130,85
194,Male,43,6.5,6,45,7,Overweight,72,6000,Insomnia,130,85
195,Male,43,6.5,6,45,7,Overweight,72,6000,Insomnia,130,85
196,Male,43,6.5,6,45,7,Overweight,72,6000,Insomnia,130,85
197,Male,43,6.5,6,45,7,Overweight,72,6000,Insomnia,130,85
198,Male,43,6.5,6,45,7,Overweight,72,6000,Insomnia,130,85
199,Male,43,6.5,6,45,7,Overweight,72,6000,Insomnia,130,85
200,Male,43,6.5,6,45,7,Overweight,72,6000,Insomnia,130,85
201,Male,43,7.8,8,90,5,Normal,70,8000,Insomnia,130,85
202,Male,43,7.8,8,90,5,Normal,70,8000,Insomnia,130,85
203,Male,43,6.9,6,47,7,Normal Weight,69,6800,Normal,117,76
204,Male,43,7.6,8,75,4,Overweight,68,6800,Normal,122,80
205,Male,43,7.7,8,90,5,Normal,70,8000,Normal,130,85
206,Male,43,7.7,8,90,5,Normal,70,8000,Normal,130,85
207,Male,43,7.7,8,90,5,Normal,70,8000,Normal,130,85
208,Male,43,7.7,8,90,5,Normal,70,8000,Normal,130,85
209,Male,43,7.8,8,90,5,Normal,70,8000,Normal,130,85
210,Male,43,7.7,8,90,5,Normal,70,8000,Normal,130,85
211,Male,43,7.8,8,90,5,Normal,70,8000,Normal,130,85
212,Male,43,7.8,8,90,5,Normal,70,8000,Normal,130,85
213,Male,43,7.8,8,90,5,Normal,70,8000,Normal,130,85
214,Male,43,7.8,8,90,5,Normal,70,8000,Normal,130,85
215,Male,43,7.8,8,90,5,Normal,70,8000,Normal,130,85
216,Male,43,7.8,8,90,5,Normal,70,8000,Normal,130,85
217,Male,43,7.8,8,90,5,Normal,70,8000,Normal,130,85
218,Male,43,7.8,8,90,5,Normal,70,8000,Sleep Apnea,130,85
219,Male,43,6.5,6,45,7,Overweight,72,6000,Sleep Apnea,130,85
220,Female,44,6.6,7,45,4,Overweight,65,6000,Insomnia,135,90
221,Male,44,6.4,6,45,7,Overweight,72,6000,Insomnia,130,85
222,Male,44,6.3,6,45,7,Overweight,72,6000,Insomnia,130,85
223,Male,44,6.4,6,45,7,Overweight,72,6000,Insomnia,130,85
224,Female,44,6.6,7,45,4,Overweight,65,6000,Insomnia,135,90
225,Male,44,6.3,6,45,7,Overweight,72,6000,Insomnia,130,85
226,Female,44,6.6,7,45,4,Overweight,65,6000,Insomnia,135,90
227,Male,44,6.3,6,45,7,Overweight,72,6000,Insomnia,130,85
228,Female,44,6.6,7,45,4,Overweight,65,6000,Insomnia,135,90
229,Male,44,6.3,6,45,7,Overweight,72,6000,Insomnia,130,85
230,Female,44,6.6,7,45,4,Overweight,65,6000,Insomnia,135,90
231,Male,44,6.3,6,45,7,Overweight,72,6000,Insomnia,130,85
232,Female,44,6.6,7,45,4,Overweight,65,6000,Insomnia,135,90
233,Male,44,6.3,6,45,7,Overweight,72,6000,Insomnia,130,85
234,Female,44,6.6,7,45,4,Overweight,65,6000,Insomnia,135,90
235,Male,44,6.3,6,45,7,Overweight,72,6000,Insomnia,130,85
236,Male,44,6.4,6,45,7,Overweight,72,6000,Insomnia,130,85
237,Female,44,6.5,7,45,4,Overweight,65,6000,Insomnia,135,90
238,Male,44,6.3,6,45,7,Overweight,72,6000,Insomnia,130,85
239,Male,44,6.4,6,45,7,Overweight,72,6000,Insomnia,130,85
240,Female,44,6.5,7,45,4,Overweight,65,6000,Insomnia,135,90
241,Male,44,6.3,6,45,7,Overweight,72,6000,Insomnia,130,85
242,Male,44,6.4,6,45,7,Overweight,72,6000,Insomnia,130,85
243,Female,44,6.5,7,45,4,Overweight,65,6000,Insomnia,135,90
244,Male,44,6.3,6,45,7,Overweight,72,6000,Insomnia,130,85
245,Female,44,6.5,7,45,4,Overweight,65,6000,Insomnia,135,90
246,Male,44,6.3,6,45,7,Overweight,72,6000,Insomnia,130,85
247,Male,44,6.8,7,45,7,Overweight,78,5000,Insomnia,130,85
248,Male,44,6.4,6,45,7,Overweight,72,6000,Normal,130,85
249,Male,44,6.5,6,45,7,Overweight,72,6000,Normal,130,85
250,Female,45,6.8,7,30,6,Overweight,65,6000,Insomnia,135,90
251,Female,45,6.8,7,30,6,Overweight,65,6000,Insomnia,135,90
252,Female,45,6.5,7,45,4,Overweight,65,6000,Insomnia,135,90
253,Female,45,6.5,7,45,4,Overweight,65,6000,Insomnia,135,90
254,Female,45,6.5,7,45,4,Overweight,65,6000,Insomnia,135,90
255,Female,45,6.5,7,45,4,Overweight,65,6000,Insomnia,135,90
256,Female,45,6.6,7,45,4,Overweight,65,6000,Insomnia,135,90
257,Female,45,6.6,7,45,4,Overweight,65,6000,Insomnia,135,90
258,Female,45,6.6,7,45,4,Overweight,65,6000,Insomnia,135,90
259,Female,45,6.6,7,45,4,Overweight,65,6000,Insomnia,135,90
260,Female,45,6.6,7,45,4,Overweight,65,6000,Insomnia,135,90
261,Female,45,6.6,7,45,4,Overweight,65,6000,Normal,135,90
262,Female,45,6.6,7,45,4,Overweight,65,6000,Normal,135,90
263,Female,45,6.9,7,55,5,Overweight,75,5500,Normal,125,82
264,Male,48,7.3,7,65,5,Obese,83,3500,Insomnia,142,92
265,Female,48,5.9,6,90,8,Overweight,75,10000,Sleep Apnea,140,95
266,Male,48,7.3,7,65,5,Obese,83,3500,Insomnia,142,92
267,Female,49,6.2,6,90,8,Overweight,75,10000,Normal,140,95
268,Female,49,6.0,6,90,8,Overweight,75,10000,Sleep Apnea,140,95
269,Female,49,6.1,6,90,8,Overweight,75,10000,Sleep Apnea,140,95
270,Female,49,6.1,6,90,8,Overweight,75,10000,Sleep Apnea,140,95
271,Female,49,6.1,6,90,8,Overweight,75,10000,Sleep Apnea,140,95
272,Female,49,6.1,6,90,8,Overweight,75,10000,Sleep Apnea,140,95
273,Female,49,6.2,6,90,8,Overweight,75,10000,Sleep Apnea,140,95
274,Female,49,6.2,6,90,8,Overweight,75,10000,Sleep Apnea,140,95
275,Female,49,6.2,6,90,8,Overweight,75,10000,Sleep Apnea,140,95
276,Male,49,8.1,9,85,3,Obese,86,3700,Sleep Apnea,139,91
277,Male,49,8.1,9,85,3,Obese,86,3700,Sleep Apnea,139,91
278,Female,50,6.1,6,90,8,Overweight,75,10000,Insomnia,140,95
279,Female,50,8.3,9,30,3,Normal,65,5000,Normal,125,80
280,Female,50,6.0,6,90,8,Overweight,75,10000,Normal,140,95
281,Female,50,6.1,6,90,8,Overweight,75,10000,Sleep Apnea,140,95
282,Female,50,6.0,6,90,8,Overweight,75,10000,Sleep Apnea,140,95
283,Female,50,6.0,6,90,8,Overweight,75,10000,Sleep Apnea,140,95
284,Female,50,6.0,6,90,8,Overweight,75,10000,Sleep Apnea,140,95
285,Female,50,6.0,6,90,8,Overweight,75,10000,Sleep Apnea,140,95
286,Female,50,6.0,6,90,8,Overweight,75,10000,Sleep Apnea,140,95
287,Female,50,6.0,6,90,8,Overweight,75,10000,Sleep Apnea,140,95
288,Female,50,6.0,6,90,8,Overweight,75,10000,Sleep Apnea,140,95
289,Female,50,6.1,6,90,8,Overweight,75,10000,Sleep Apnea,140,95
290,Female,50,6.0,6,90,8,Overweight,75,10000,Sleep Apnea,140,95
291,Female,50,6.1,6,90,8,Overweight,75,10000,Sleep Apnea,140,95
292,Female,50,6.1,6,90,8,Overweight,75,10000,Sleep Apnea,140,95
293,Female,50,6.0,6,90,8,Overweight,75,10000,Sleep Apnea,140,95
294,Female,50,6.1,6,90,8,Overweight,75,10000,Sleep Apnea,140,95
295,Female,50,6.0,6,90,8,Overweight,75,10000,Sleep Apnea,140,95
296,Female,50,6.1,6,90,8,Overweight,75,10000,Sleep Apnea,140,95
297,Female,50,6.1,6,90,8,Overweight,75,10000,Sleep Apnea,140,95
298,Female,51,8.5,9,30,3,Normal,65,5000,Normal,125,80
299,Female,51,8.5,9,30,3,Normal,65,5000,Normal,125,80
300,Female,51,8.5,9,30,3,Normal,65,5000,Normal,125,80
301,Female,51,8.5,9,30,3,Normal,65,5000,Normal,125,80
302,Female,51,7.1,7,55,6,Normal Weight,72,6000,Normal,125,82
303,Female,51,6.0,6,90,8,Overweight,75,10000,Sleep Apnea,140,95
304,Female,51,6.1,6,90,8,Overweight,75,10000,Sleep Apnea,140,95
305,Female,51,6.1,6,90,8,Overweight,75,10000,Sleep Apnea,140,95
306,Female,52,6.5,7,45,7,Overweight,72,6000,Insomnia,130,85
307,Female,52,6.5,7,45,7,Overweight,72,6000,Insomnia,130,85
308,Female,52,6.6,7,45,7,Overweight,72,6000,Insomnia,130,85
309,Female,52,6.6,7,45,7,Overweight,72,6000,Insomnia,130,85
310,Female,52,6.6,7,45,7,Overweight,72,6000,Insomnia,130,85
311,Female,52,6.6,7,45,7,Overweight,72,6000,Insomnia,130,85
312,Female,52,8.4,9,30,3,Normal,65,5000,Normal,125,80
313,Female,52,8.4,9,30,3,Normal,65,5000,Normal,125,80
314,Female,52,8.4,9,30,3,Normal,65,5000,Normal,125,80
315,Female,53,8.3,9,30,3,Normal,65,5000,Insomnia,125,80
316,Female,53,8.5,9,30,3,Normal,65,5000,Normal,125,80
317,Female,53,8.5,9,30,3,Normal,65,5000,Normal,125,80
318,Female,53,8.4,9,30,3,Normal,65,5000,Normal,125,80
319,Female,53,8.4,9,30,3,Normal,65,5000,Normal,125,80
320,Female,53,8.5,9,30,3,Normal,65,5000,Normal,125,80
321,Female,53,8.4,9,30,3,Normal,65,5000,Normal,125,80
322,Female,53,8.4,9,30,3,Normal,65,5000,Normal,125,80
323,Female,53,8.5,9,30,3,Normal,65,5000,Normal,125,80
324,Female,53,8.3,9,30,3,Normal,65,5000,Normal,125,80
325,Female,53,8.5,9,30,3,Normal,65,5000,Normal,125,80
326,Female,53,8.3,9,30,3,Normal,65,5000,Normal,125,80
327,Female,53,8.5,9,30,3,Normal,65,5000,Normal,125,80
328,Female,53,8.3,9,30,3,Normal,65,5000,Normal,125,80
329,Female,53,8.5,9,30,3,Normal,65,5000,Normal,125,80
330,Female,53,8.5,9,30,3,Normal,65,5000,Normal,125,80
331,Female,53,8.4,9,30,3,Normal,65,5000,Normal,125,80
332,Female,54,8.4,9,30,3,Normal,65,5000,Normal,125,80
333,Female,54,8.4,9,30,3,Normal,65,5000,Normal,125,80
334,Female,54,8.4,9,30,3,Normal,65,5000,Normal,125,80
335,Female,54,8.4,9,30,3,Normal,65,5000,Normal,125,80
336,Female,54,8.4,9,30,3,Normal,65,5000,Normal,125,80
337,Female,54,8.4,9,30,3,Normal,65,5000,Normal,125,80
338,Female,54,8.5,9,30,3,Normal,65,5000,Normal,125,80
339,Female,55,8.1,9,75,4,Overweight,72,5000,Sleep Apnea,140,95
340,Female,55,8.1,9,75,4,Overweight,72,5000,Sleep Apnea,140,95
341,Female,56,8.2,9,90,3,Normal Weight,65,10000,Normal,118,75
342,Female,56,8.2,9,90,3,Normal Weight,65,10000,Normal,118,75
343,Female,57,8.1,9,75,3,Overweight,68,7000,Normal,140,95
344,Female,57,8.2,9,75,3,Overweight,68,7000,Sleep Apnea,140,95
345,Female,57,8.2,9,75,3,Overweight,68,7000,Sleep Apnea,140,95
346,Female,57,8.2,9,75,3,Overweight,68,7000,Sleep Apnea,140,95
347,Female,57,8.2,9,75,3,Overweight,68,7000,Sleep Apnea,140,95
348,Female,57,8.2,9,75,3,Overweight,68,7000,Sleep Apnea,140,95
349,Female,57,8.1,9,75,3,Overweight,68,7000,Sleep Apnea,140,95
350,Female,57,8.1,9,75,3,Overweight,68,7000,Sleep Apnea,140,95
351,Female,57,8.1,9,75,3,Overweight,68,7000,Sleep Apnea,140,95
352,Female,58,8.0,9,75,3,Overweight,68,7000,Sleep Apnea,140,95
353,Female,58,8.0,9,75,3,Overweight,68,7000,Sleep Apnea,140,95
354,Female,58,8.0,9,75,3,Overweight,68,7000,Sleep Apnea,140,95
355,Female,58,8.0,9,75,3,Overweight,68,7000,Sleep Apnea,140,95
356,Female,58,8.0,9,75,3,Overweight,68,7000,Sleep Apnea,140,95
357,Female,58,8.0,9,75,3,Overweight,68,7000,Sleep Apnea,140,95
358,Female,59,8.0,9,75,3,Overweight,68,7000,Normal,140,95
359,Female,59,8.1,9,75,3,Overweight,68,7000,Normal,140,95
360,Female,59,8.2,9,75,3,Overweight,68,7000,Sleep Apnea,140,95
361,Female,59,8.2,9,75,3,Overweight,68,7000,Sleep Apnea,140,95
362,Female,59,8.2,9,75,3,Overweight,68,7000,Sleep Apnea,140,95
363,Female,59,8.2,9,75,3,Overweight,68,7000,Sleep Apnea,140,95
364,Female,59,8.0,9,75,3,Overweight,68,7000,Sleep Apnea,140,95
365,Female,59,8.0,9,75,3,Overweight,68,7000,Sleep Apnea,140,95
366,Female,59,8.1,9,75,3,Overweight,68,7000,Sleep Apnea,140,95
367,Female,59,8.0,9,75,3,Overweight,68,7000,Sleep Apnea,140,95
368,Female,59,8.1,9,75,3,Overweight,68,7000,Sleep Apnea,140,95
369,Female,59,8.1,9,75,3,Overweight,68,7000,Sleep Apnea,140,95
370,Female,59,8.0,9,75,3,Overweight,68,7000,Sleep Apnea,140,95
371,Female,59,8.1,9,75,3,Overweight,68,7000,Sleep Apnea,140,95
372,Female,59,8.1,9,75,3,Overweight,68,7000,Sleep Apnea,140,95
373,Female,59,8.1,9,75,3,Overweight,68,7000,Sleep Apnea,140,95
